case_id,source_id,source_cluster_id,speaker_dependency_id,canonical_evidence_status,geography,source_type,direction,source_url,dependency_note
S1-001,SRC-030,S1SRC-001,S1SPK-001-002,TO_VERIFY_MAPPED_NOT_CANONICAL,US,REDDIT,SUPPORT,https://www.reddit.com/r/realestateinvesting/comments/1n7di9w,Shared URL/page/thread cluster with S1-001;S1-002; rows are not independent source units. Known same-speaker/reviewer dependency S1SPK-001-002; do not count these rows as independent people/events.
S1-002,SRC-030,S1SRC-001,S1SPK-001-002,TO_VERIFY_MAPPED_NOT_CANONICAL,US,REDDIT,SUPPORT,https://www.reddit.com/r/realestateinvesting/comments/1n7di9w,Shared URL/page/thread cluster with S1-001;S1-002; rows are not independent source units. Known same-speaker/reviewer dependency S1SPK-001-002; do not count these rows as independent people/events.
S1-003,SRC-031,S1SRC-002,,TO_VERIFY_MAPPED_NOT_CANONICAL,US,REDDIT,SUPPORT,https://www.reddit.com/r/realestateinvesting/comments/1axisda,Shared URL/page/thread cluster with S1-003;S1-004; rows are not independent source units.
S1-004,SRC-031,S1SRC-002,,TO_VERIFY_MAPPED_NOT_CANONICAL,US,REDDIT,COUNTEREVIDENCE,https://www.reddit.com/r/realestateinvesting/comments/1axisda,Shared URL/page/thread cluster with S1-003;S1-004; rows are not independent source units.
S1-005,SRC-032,S1SRC-003,,ACTIVE_E0_VERIFIED_SECONDARY,US,REDDIT,COUNTEREVIDENCE,https://www.reddit.com/r/realestateinvesting/comments/1npp68s,Shared URL/page/thread cluster with S1-005;S1-006; rows are not independent source units.
S1-006,SRC-032,S1SRC-003,,ACTIVE_E0_VERIFIED_SECONDARY,US,REDDIT,COUNTEREVIDENCE,https://www.reddit.com/r/realestateinvesting/comments/1npp68s,Shared URL/page/thread cluster with S1-005;S1-006; rows are not independent source units.
S1-007,SRC-033,S1SRC-004,,ACTIVE_E0_VERIFIED_SECONDARY,US,REDDIT,COUNTEREVIDENCE,https://www.reddit.com/r/realestateinvesting/comments/1opocgv/at_what_point_did_you_decide_to_hire_a_property/,Single coded row for this mapped URL.
S1-008,SRC-034,S1SRC-005,,TO_VERIFY_MAPPED_NOT_CANONICAL,US,REDDIT,SUPPORT,https://www.reddit.com/r/realestateinvesting/comments/1b405nu,Single coded row for this mapped URL.
S1-009,SRC-035,S1SRC-006,,TO_VERIFY_MAPPED_NOT_CANONICAL,US,REDDIT,COUNTEREVIDENCE,https://www.reddit.com/r/realestateinvesting/comments/19e7u67,Single coded row for this mapped URL.
S1-010,SRC-036,S1SRC-007,,TO_VERIFY_MAPPED_NOT_CANONICAL,US,REDDIT,SUPPORT,https://www.reddit.com/r/Landlord/comments/1eu5gsn,Single coded row for this mapped URL.
S1-011,SRC-037,S1SRC-008,,ACTIVE_E0_VERIFIED_SECONDARY,US,REDDIT,SUPPORT,https://www.reddit.com/r/PropertyManagement/comments/1lfk5r1/maintenance_guy_telling_me_live_in_guy_to_not/,Single coded row for this mapped URL.
S1-012,SRC-038,S1SRC-009,,TO_VERIFY_MAPPED_NOT_CANONICAL,US,REDDIT,SUPPORT,https://www.reddit.com/r/PropertyManagement/comments/1rqnf89/maintenance_coordination/,Single coded row for this mapped URL.
S1-013,SRC-039,S1SRC-010,,TO_VERIFY_MAPPED_NOT_CANONICAL,US,REDDIT,SUPPORT,https://www.reddit.com/r/PropertyManagement/comments/1rj11qm/how_do_property_managers_handle_vendors_when/,Single coded row for this mapped URL.
S1-014,SRC-040,S1SRC-011,,TO_VERIFY_MAPPED_NOT_CANONICAL,US,REDDIT,SUPPORT,https://www.reddit.com/r/PropertyManagement/comments/1wm161l/how_do_you_keep_maintenance_requests_organized/,Shared URL/page/thread cluster with S1-014;S1-015; rows are not independent source units.
S1-015,SRC-040,S1SRC-011,,TO_VERIFY_MAPPED_NOT_CANONICAL,US,REDDIT,SUPPORT,https://www.reddit.com/r/PropertyManagement/comments/1wm161l/how_do_you_keep_maintenance_requests_organized/,Shared URL/page/thread cluster with S1-014;S1-015; rows are not independent source units.
S1-016,SRC-041,S1SRC-012,,ACTIVE_E0_VERIFIED_SECONDARY,US,REDDIT,SUPPORT,https://www.reddit.com/r/PropertyManagement/comments/1kg84xi/property_managers_what_makes_a_vendor_stand_out/,Single coded row for this mapped URL.
S1-017,SRC-042,S1SRC-013,,TO_VERIFY_MAPPED_NOT_CANONICAL,US,REDDIT,SUPPORT,https://www.reddit.com/r/PropertyManagement/comments/d7ch42/question_for_property_managers_how_do_you_schedule/,Single coded row for this mapped URL.
S1-018,SRC-043,S1SRC-014,,TO_VERIFY_MAPPED_NOT_CANONICAL,US,REDDIT,SUPPORT,https://www.reddit.com/r/PropertyManagement/comments/1u8ykwi/removed/,Single coded row for this mapped URL.
S1-019,SRC-044,S1SRC-015,,TO_VERIFY_MAPPED_NOT_CANONICAL,US,REDDIT,SUPPORT,https://www.reddit.com/r/Landlord/comments/1hzqbig,Single coded row for this mapped URL.
S1-020,SRC-045,S1SRC-016,,TO_VERIFY_MAPPED_NOT_CANONICAL,US,REDDIT,SUPPORT,https://www.reddit.com/r/Landlord/comments/1tg4vre/landlord_us_tx_tell_tenant_to_reschedule_repair/,Single coded row for this mapped URL.
S1-021,SRC-046,S1SRC-017,,TO_VERIFY_MAPPED_NOT_CANONICAL,US,REDDIT,SUPPORT,https://www.reddit.com/r/Landlord/comments/1o8syad,Single coded row for this mapped URL.
S1-022,SRC-047,S1SRC-018,,TO_VERIFY_MAPPED_NOT_CANONICAL,US,REDDIT,SUPPORT,https://www.reddit.com/r/Renters/comments/1hcumha,Single coded row for this mapped URL.
S1-023,SRC-048,S1SRC-019,,TO_VERIFY_MAPPED_NOT_CANONICAL,US,REDDIT,SUPPORT,https://www.reddit.com/r/Landlord/comments/1kg2yjk,Single coded row for this mapped URL.
S1-024,SRC-049,S1SRC-020,,TO_VERIFY_MAPPED_NOT_CANONICAL,US,REDDIT,SUPPORT,https://www.reddit.com/r/Landlord/comments/1ndj3ui,Single coded row for this mapped URL.
S1-025,SRC-050,S1SRC-021,S1SPK-025-026,TO_VERIFY_MAPPED_NOT_CANONICAL,US,REDDIT,SUPPORT,https://www.reddit.com/r/PropertyManagement/comments/1rcmlea/4_years_as_a_maintenance_coordinator_im_running/,Shared URL/page/thread cluster with S1-025;S1-026; rows are not independent source units. Known same-speaker/reviewer dependency S1SPK-025-026; do not count these rows as independent people/events.
S1-026,SRC-050,S1SRC-021,S1SPK-025-026,TO_VERIFY_MAPPED_NOT_CANONICAL,US,REDDIT,SUPPORT,https://www.reddit.com/r/PropertyManagement/comments/1rcmlea/4_years_as_a_maintenance_coordinator_im_running/,Shared URL/page/thread cluster with S1-025;S1-026; rows are not independent source units. Known same-speaker/reviewer dependency S1SPK-025-026; do not count these rows as independent people/events.
S1-027,SRC-051,S1SRC-022,,ACTIVE_E0_VERIFIED_SECONDARY,US,REDDIT,SUPPORT,https://www.reddit.com/r/PropertyManagement/comments/1ixxk00,Single coded row for this mapped URL.
S1-028,SRC-052,S1SRC-023,,TO_VERIFY_MAPPED_NOT_CANONICAL,US,REDDIT,SUPPORT,https://www.reddit.com/r/PropertyManagement/comments/1hru9n4,Single coded row for this mapped URL.
S1-029,SRC-053,S1SRC-024,,TO_VERIFY_MAPPED_NOT_CANONICAL,US,REDDIT,SUPPORT,https://www.reddit.com/r/Landlord/comments/1rppk52,Single coded row for this mapped URL.
S1-030,SRC-054,S1SRC-025,,TO_VERIFY_MAPPED_NOT_CANONICAL,US,REDDIT,SUPPORT,https://fr.reddit.com/r/Landlord/comments/zjy19r/landlord_general_what_property_management/,Shared URL/page/thread cluster with S1-030;S1-031; rows are not independent source units.
S1-031,SRC-054,S1SRC-025,,TO_VERIFY_MAPPED_NOT_CANONICAL,US,REDDIT,COUNTEREVIDENCE,https://fr.reddit.com/r/Landlord/comments/zjy19r/landlord_general_what_property_management/,Shared URL/page/thread cluster with S1-030;S1-031; rows are not independent source units.
S1-032,SRC-055,S1SRC-026,,TO_VERIFY_MAPPED_NOT_CANONICAL,US,REDDIT,SUPPORT,https://ca.reddit.com/r/AskReddit/comments/6im8l7/whats_your_my_landlord_iswas_a_complete_ahole/,Single coded row for this mapped URL.
S1-033,SRC-056,S1SRC-027,,TO_VERIFY_MAPPED_NOT_CANONICAL,US,CAPTERRA_PROPERTY_MELD,MIXED,https://www.capterra.com/p/149045/Property-Meld/reviews/,Shared URL/page/thread cluster with S1-033;S1-034;S1-035;S1-036;S1-037;S1-038;S1-039;S1-040;S1-041;S1-042;S1-043;S1-044;S1-045;S1-046;S1-051; rows are not independent source units.
S1-034,SRC-056,S1SRC-027,,TO_VERIFY_MAPPED_NOT_CANONICAL,US,CAPTERRA_PROPERTY_MELD,SUPPORT,https://www.capterra.com/p/149045/Property-Meld/reviews/,Shared URL/page/thread cluster with S1-033;S1-034;S1-035;S1-036;S1-037;S1-038;S1-039;S1-040;S1-041;S1-042;S1-043;S1-044;S1-045;S1-046;S1-051; rows are not independent source units.
S1-035,SRC-056,S1SRC-027,,TO_VERIFY_MAPPED_NOT_CANONICAL,US,CAPTERRA_PROPERTY_MELD,MIXED,https://www.capterra.com/p/149045/Property-Meld/reviews/,Shared URL/page/thread cluster with S1-033;S1-034;S1-035;S1-036;S1-037;S1-038;S1-039;S1-040;S1-041;S1-042;S1-043;S1-044;S1-045;S1-046;S1-051; rows are not independent source units.
S1-036,SRC-056,S1SRC-027,,TO_VERIFY_MAPPED_NOT_CANONICAL,US,CAPTERRA_PROPERTY_MELD,MIXED,https://www.capterra.com/p/149045/Property-Meld/reviews/,Shared URL/page/thread cluster with S1-033;S1-034;S1-035;S1-036;S1-037;S1-038;S1-039;S1-040;S1-041;S1-042;S1-043;S1-044;S1-045;S1-046;S1-051; rows are not independent source units.
S1-037,SRC-056,S1SRC-027,,TO_VERIFY_MAPPED_NOT_CANONICAL,US,CAPTERRA_PROPERTY_MELD,COUNTEREVIDENCE,https://www.capterra.com/p/149045/Property-Meld/reviews/,Shared URL/page/thread cluster with S1-033;S1-034;S1-035;S1-036;S1-037;S1-038;S1-039;S1-040;S1-041;S1-042;S1-043;S1-044;S1-045;S1-046;S1-051; rows are not independent source units.
S1-038,SRC-056,S1SRC-027,,TO_VERIFY_MAPPED_NOT_CANONICAL,US,CAPTERRA_PROPERTY_MELD,SUPPORT,https://www.capterra.com/p/149045/Property-Meld/reviews/,Shared URL/page/thread cluster with S1-033;S1-034;S1-035;S1-036;S1-037;S1-038;S1-039;S1-040;S1-041;S1-042;S1-043;S1-044;S1-045;S1-046;S1-051; rows are not independent source units.
S1-039,SRC-056,S1SRC-027,,TO_VERIFY_MAPPED_NOT_CANONICAL,US,CAPTERRA_PROPERTY_MELD,MIXED,https://www.capterra.com/p/149045/Property-Meld/reviews/,Shared URL/page/thread cluster with S1-033;S1-034;S1-035;S1-036;S1-037;S1-038;S1-039;S1-040;S1-041;S1-042;S1-043;S1-044;S1-045;S1-046;S1-051; rows are not independent source units.
S1-040,SRC-056,S1SRC-027,,TO_VERIFY_MAPPED_NOT_CANONICAL,US,CAPTERRA_PROPERTY_MELD,SUPPORT,https://www.capterra.com/p/149045/Property-Meld/reviews/,Shared URL/page/thread cluster with S1-033;S1-034;S1-035;S1-036;S1-037;S1-038;S1-039;S1-040;S1-041;S1-042;S1-043;S1-044;S1-045;S1-046;S1-051; rows are not independent source units.
S1-041,SRC-056,S1SRC-027,,TO_VERIFY_MAPPED_NOT_CANONICAL,US,CAPTERRA_PROPERTY_MELD,MIXED,https://www.capterra.com/p/149045/Property-Meld/reviews/,Shared URL/page/thread cluster with S1-033;S1-034;S1-035;S1-036;S1-037;S1-038;S1-039;S1-040;S1-041;S1-042;S1-043;S1-044;S1-045;S1-046;S1-051; rows are not independent source units.
S1-042,SRC-056,S1SRC-027,,TO_VERIFY_MAPPED_NOT_CANONICAL,US,CAPTERRA_PROPERTY_MELD,SUPPORT,https://www.capterra.com/p/149045/Property-Meld/reviews/,Shared URL/page/thread cluster with S1-033;S1-034;S1-035;S1-036;S1-037;S1-038;S1-039;S1-040;S1-041;S1-042;S1-043;S1-044;S1-045;S1-046;S1-051; rows are not independent source units.
S1-043,SRC-056,S1SRC-027,,TO_VERIFY_MAPPED_NOT_CANONICAL,US,CAPTERRA_PROPERTY_MELD,SUPPORT,https://www.capterra.com/p/149045/Property-Meld/reviews/,Shared URL/page/thread cluster with S1-033;S1-034;S1-035;S1-036;S1-037;S1-038;S1-039;S1-040;S1-041;S1-042;S1-043;S1-044;S1-045;S1-046;S1-051; rows are not independent source units.
S1-044,SRC-056,S1SRC-027,,TO_VERIFY_MAPPED_NOT_CANONICAL,US,CAPTERRA_PROPERTY_MELD,MIXED,https://www.capterra.com/p/149045/Property-Meld/reviews/,Shared URL/page/thread cluster with S1-033;S1-034;S1-035;S1-036;S1-037;S1-038;S1-039;S1-040;S1-041;S1-042;S1-043;S1-044;S1-045;S1-046;S1-051; rows are not independent source units.
S1-045,SRC-056,S1SRC-027,,TO_VERIFY_MAPPED_NOT_CANONICAL,US,CAPTERRA_PROPERTY_MELD,SUPPORT,https://www.capterra.com/p/149045/Property-Meld/reviews/,Shared URL/page/thread cluster with S1-033;S1-034;S1-035;S1-036;S1-037;S1-038;S1-039;S1-040;S1-041;S1-042;S1-043;S1-044;S1-045;S1-046;S1-051; rows are not independent source units.
S1-046,SRC-056,S1SRC-027,,TO_VERIFY_MAPPED_NOT_CANONICAL,US,CAPTERRA_PROPERTY_MELD,SUPPORT,https://www.capterra.com/p/149045/Property-Meld/reviews/,Shared URL/page/thread cluster with S1-033;S1-034;S1-035;S1-036;S1-037;S1-038;S1-039;S1-040;S1-041;S1-042;S1-043;S1-044;S1-045;S1-046;S1-051; rows are not independent source units.
S1-047,SRC-057,S1SRC-028,,TO_VERIFY_MAPPED_NOT_CANONICAL,US,G2_PROPERTY_MELD,SUPPORT,https://www.g2.com/products/property-meld/reviews?qs=pros-and-cons,Single coded row for this mapped URL.
S1-048,SRC-058,S1SRC-029,,TO_VERIFY_MAPPED_NOT_CANONICAL,US,CAPTERRA_PROPERTY_MELD,SUPPORT,https://www.capterra.com/p/149045/Property-Meld/reviews/?page=2,Shared URL/page/thread cluster with S1-048;S1-049;S1-050; rows are not independent source units.
S1-049,SRC-058,S1SRC-029,,TO_VERIFY_MAPPED_NOT_CANONICAL,US,CAPTERRA_PROPERTY_MELD,SUPPORT,https://www.capterra.com/p/149045/Property-Meld/reviews/?page=2,Shared URL/page/thread cluster with S1-048;S1-049;S1-050; rows are not independent source units.
S1-050,SRC-058,S1SRC-029,,TO_VERIFY_MAPPED_NOT_CANONICAL,US,CAPTERRA_PROPERTY_MELD,SUPPORT,https://www.capterra.com/p/149045/Property-Meld/reviews/?page=2,Shared URL/page/thread cluster with S1-048;S1-049;S1-050; rows are not independent source units.
S1-051,SRC-056,S1SRC-027,,TO_VERIFY_MAPPED_NOT_CANONICAL,US,CAPTERRA_PROPERTY_MELD,MIXED,https://www.capterra.com/p/149045/Property-Meld/reviews/,Shared URL/page/thread cluster with S1-033;S1-034;S1-035;S1-036;S1-037;S1-038;S1-039;S1-040;S1-041;S1-042;S1-043;S1-044;S1-045;S1-046;S1-051; rows are not independent source units.
S1-052,SRC-059,S1SRC-030,,TO_VERIFY_MAPPED_NOT_CANONICAL,US,G2_PROPERTY_MELD,SUPPORT,https://www.g2.com/sellers/property-meld,Single coded row for this mapped URL.
S1-053,SRC-060,S1SRC-031,,TO_VERIFY_MAPPED_NOT_CANONICAL,US,CAPTERRA_BUILDIUM,SUPPORT,https://www.capterra.com/p/47428/Buildium-Property-Management-Software/reviews/,Single coded row for this mapped URL.
S1-054,SRC-061,S1SRC-032,,TO_VERIFY_MAPPED_NOT_CANONICAL,US,CAPTERRA_BUILDIUM,SUPPORT,https://www.capterra.com/compare/47428-133029/Buildium-Property-Management-Software-vs-TenantCloud,Single coded row for this mapped URL.
S1-055,SRC-062,S1SRC-033,,TO_VERIFY_MAPPED_NOT_CANONICAL,US,CAPTERRA_APPFOLIO,SUPPORT,https://www.capterra.com/p/92228/AppFolio-Property-Manager/reviews/,Single coded row for this mapped URL.
S1-056,SRC-063,S1SRC-034,S1SPK-056-057,TO_VERIFY_MAPPED_NOT_CANONICAL,US,G2_APPFOLIO,SUPPORT,https://www.g2.com/products/appfolio-property-manager/reviews?page=9,Shared URL/page/thread cluster with S1-056;S1-057; rows are not independent source units. Known same-speaker/reviewer dependency S1SPK-056-057; do not count these rows as independent people/events.
S1-057,SRC-063,S1SRC-034,S1SPK-056-057,TO_VERIFY_MAPPED_NOT_CANONICAL,US,G2_APPFOLIO,SUPPORT,https://www.g2.com/products/appfolio-property-manager/reviews?page=9,Shared URL/page/thread cluster with S1-056;S1-057; rows are not independent source units. Known same-speaker/reviewer dependency S1SPK-056-057; do not count these rows as independent people/events.
S1-058,SRC-064,S1SRC-035,,TO_VERIFY_MAPPED_NOT_CANONICAL,US,CAPTERRA_APPFOLIO,MIXED,https://www.capterra.com/p/92228/AppFolio-Property-Manager/reviews/?page=2,Single coded row for this mapped URL.
S1-059,SRC-065,S1SRC-036,,TO_VERIFY_MAPPED_NOT_CANONICAL,US,CAPTERRA_RENTEC,SUPPORT,https://www.capterra.com/p/120753/Rentec-Direct/,Single coded row for this mapped URL.
S1-060,SRC-066,S1SRC-037,,TO_VERIFY_MAPPED_NOT_CANONICAL,US,G2_RENTEC,SUPPORT,https://www.g2.com/products/rentec-direct/reviews,Single coded row for this mapped URL.
S1-061,SRC-067,S1SRC-038,,TO_VERIFY_MAPPED_NOT_CANONICAL,KR,KOREAN_PRACTICE_ARTICLE,SUPPORT,https://koreaq.com/home-repair-app-connections/,Single coded row for this mapped URL.
S1-062,SRC-068,S1SRC-039,,TO_VERIFY_MAPPED_NOT_CANONICAL,KR,KOREAN_VENDOR_CONTENT,SUPPORT,https://www.gochongmu.com/blog/gosiwon-operations-program-checklist4,Single coded row for this mapped URL.
S1-063,SRC-069,S1SRC-040,,TO_VERIFY_MAPPED_NOT_CANONICAL,KR,KOREAN_SERVICE_OFFERING,SUPPORT,https://jnr.co.kr/,Single coded row for this mapped URL.
S1-064,SRC-070,S1SRC-041,,TO_VERIFY_MAPPED_NOT_CANONICAL,KR,KOREAN_APP,SUPPORT,https://play.google.com/store/apps/details?id=kr.mycontract.rentalmanager,Single coded row for this mapped URL.
S1-065,SRC-071,S1SRC-042,,TO_VERIFY_MAPPED_NOT_CANONICAL,KR,KOREAN_APP,SUPPORT,https://apps.apple.com/kr/app/%EC%B2%B4%ED%82%B9-%EC%9E%84%EB%8C%80%EA%B4%80%EB%A6%AC%EA%B0%80-%ED%95%9C%EB%88%88%EC%97%90-%EB%B3%B4%EC%9D%B8%EB%8B%A4/id1436815224,Single coded row for this mapped URL.
S1-066,SRC-072,S1SRC-043,,TO_VERIFY_MAPPED_NOT_CANONICAL,KR,KOREAN_VENDOR_CONTENT,SUPPORT,https://www.spacenote.kr/,Single coded row for this mapped URL.
S1-067,SRC-073,S1SRC-044,,TO_VERIFY_MAPPED_NOT_CANONICAL,KR,KOREAN_APP,MIXED,https://play.google.com/store/apps/details?hl=ko&id=com.obj.sire,Single coded row for this mapped URL.
S1-068,SRC-074,S1SRC-045,,TO_VERIFY_MAPPED_NOT_CANONICAL,KR,KOREAN_APP,COUNTEREVIDENCE,https://play.google.com/store/apps/details?hl=ko&id=com.lys.propgenie,Single coded row for this mapped URL.
S1-069,SRC-075,S1SRC-046,,TO_VERIFY_MAPPED_NOT_CANONICAL,KR,KOREAN_OPERATOR_STORY,SUPPORT,https://dct-lab.tistory.com/194,Single coded row for this mapped URL.
S1-070,SRC-076,S1SRC-047,,TO_VERIFY_MAPPED_NOT_CANONICAL,KR,KOREAN_OPERATOR_STORY,SUPPORT,https://ratio0.tistory.com/m/407,Single coded row for this mapped URL.
S1-071,SRC-077,S1SRC-048,,TO_VERIFY_MAPPED_NOT_CANONICAL,KR,KOREAN_PRACTICE_ARTICLE,SUPPORT,https://bokjinow.com/posts/room-water-mold-landlord-compensation/,Single coded row for this mapped URL.
S1-072,SRC-078,S1SRC-049,,TO_VERIFY_MAPPED_NOT_CANONICAL,KR,KOREAN_PUBLIC_QA,SUPPORT,https://albup.co.kr/page/detail.php?com_idx=18693,Single coded row for this mapped URL.
S1-073,SRC-079,S1SRC-050,,TO_VERIFY_MAPPED_NOT_CANONICAL,KR,KOREAN_OPERATOR_STORY,SUPPORT,https://u10s11.tistory.com/1074,Single coded row for this mapped URL.
S1-074,SRC-080,S1SRC-051,,TO_VERIFY_MAPPED_NOT_CANONICAL,KR,KOREAN_TENANT_STORY,SUPPORT,https://bluesauce.tistory.com/1168,Single coded row for this mapped URL.
S1-075,SRC-081,S1SRC-052,,ACTIVE_E0_VERIFIED_SECONDARY,US,REDDIT,COUNTEREVIDENCE,https://www.reddit.com/r/PropertyManagement/comments/1rz0zjx/managing_47_units_solo_and_these_are_the_systems/,Shared URL/page/thread cluster with S1-075;S1-076; rows are not independent source units.
S1-076,SRC-081,S1SRC-052,,ACTIVE_E0_VERIFIED_SECONDARY,US,REDDIT,COUNTEREVIDENCE,https://www.reddit.com/r/PropertyManagement/comments/1rz0zjx/managing_47_units_solo_and_these_are_the_systems/,Shared URL/page/thread cluster with S1-075;S1-076; rows are not independent source units.
